{"class_to_index": {"happy": 0, "sad": 1, "surprised": 2, "satisfied": 3, "protected": 4, "frightened": 5, "angry": 6, "unconcerned": 7}, "index_to_class": {"0": "happy", "1": "sad", "2": "surprised", "3": "satisfied", "4": "protected", "5": "frightened", "6": "angry", "7": "unconcerned"}, "counts": {"happy": 30, "sad": 30, "surprised": 30, "satisfied": 29, "protected": 30, "frightened": 30, "angry": 30, "unconcerned": 29}, "total_samples": 238, "class_weights": {"0": 0.9916666666666667, "1": 0.9916666666666667, "2": 0.9916666666666667, "3": 1.0258620689655173, "4": 0.9916666666666667, "5": 0.9916666666666667, "6": 0.9916666666666667, "7": 1.0258620689655173}}